threshold,known_accept_rate,known_correct_and_accepted,benign_false_match_rate,novel_family_false_match_rate,novel_family_rejection_rate
0.5,0.9946666666666667,0.934,0.299,0.3611111111111111,0.6388888888888888
0.6,0.9913333333333333,0.934,0.225,0.19444444444444445,0.8055555555555556
0.65,0.9726666666666667,0.93,0.196,0.1388888888888889,0.8611111111111112
0.7,0.964,0.93,0.16,0.05555555555555555,0.9444444444444444
0.75,0.9586666666666667,0.9293333333333333,0.133,0.0,1.0
0.8,0.9473333333333334,0.9273333333333333,0.104,0.0,1.0
0.85,0.9406666666666667,0.9226666666666666,0.076,0.0,1.0
0.9,0.9306666666666666,0.9186666666666666,0.06,0.0,1.0
0.95,0.9193333333333333,0.908,0.051,0.0,1.0
