threshold,TPR,FAR,FRR,balanced_error
0.0,0.8399,0.5794,0.1601,0.36975
0.01,0.8317,0.5559,0.1683,0.3621
0.02,0.8204,0.5264,0.1796,0.353
0.03,0.8072,0.4965,0.1928,0.34465
0.04,0.7813,0.4703,0.2187,0.34450000000000003
0.05,0.7675,0.4515,0.2325,0.342
0.06,0.7589,0.4387,0.2411,0.3399
0.07,0.7534,0.4229,0.2466,0.33475
0.08,0.7466,0.3981,0.2534,0.32575
0.09,0.739,0.3809,0.261,0.32095
0.1,0.7327,0.3656,0.2673,0.31645
0.11,0.7252,0.3506,0.2748,0.3127
0.12,0.7158,0.3363,0.2842,0.31025
0.13,0.708,0.3181,0.292,0.30505
0.14,0.6984,0.305,0.3016,0.3033
0.15,0.6878,0.2948,0.3122,0.3035
0.16,0.6773,0.2829,0.3227,0.30279999999999996
0.17,0.669,0.2758,0.331,0.3034
0.18,0.6623,0.2694,0.3377,0.30355
0.19,0.656,0.2624,0.344,0.3032
0.2,0.649,0.2536,0.351,0.3023
0.21,0.643,0.2441,0.357,0.30055
0.22,0.6364,0.2346,0.3636,0.2991
0.23,0.6242,0.2249,0.3758,0.30035
0.24,0.6157,0.2164,0.3843,0.30035
0.25,0.6086,0.2084,0.3914,0.2999
0.26,0.5994,0.2021,0.4006,0.30135
0.27,0.5839,0.1955,0.4161,0.3058
0.28,0.5671,0.1844,0.4329,0.30865
0.29,0.5607,0.1758,0.4393,0.30755
0.3,0.5574,0.1571,0.4426,0.29985
0.31,0.5538,0.1389,0.4462,0.29255
0.32,0.5511,0.1299,0.4489,0.2894
0.33,0.5493,0.1229,0.4507,0.2868
0.34,0.5472,0.117,0.4528,0.2849
0.35,0.5449,0.0998,0.4551,0.27745
0.36,0.5444,0.0769,0.4556,0.26625
0.37,0.5417,0.0711,0.4583,0.2647
0.38,0.5387,0.0682,0.4613,0.26475
0.39,0.5358,0.064,0.4642,0.2641
0.4,0.5344,0.0574,0.4656,0.2615
0.41,0.5313,0.0525,0.4687,0.2606
0.42,0.528,0.0483,0.472,0.26015
0.43,0.5253,0.0462,0.4747,0.26045
0.44,0.5234,0.0424,0.4766,0.2595
0.45,0.5202,0.0398,0.4798,0.25980000000000003
0.46,0.5175,0.0371,0.4825,0.2598
0.47,0.513,0.0353,0.487,0.26115
0.48,0.511,0.0342,0.489,0.2616
0.49,0.507,0.0331,0.493,0.26305
0.5,0.5017,0.0318,0.4983,0.26505
0.51,0.4978,0.0308,0.5022,0.2665
0.52,0.4934,0.0302,0.5066,0.2684
0.53,0.4909,0.0293,0.5091,0.2692
0.54,0.4862,0.0286,0.5138,0.2712
0.55,0.4825,0.0282,0.5175,0.27285
0.56,0.4773,0.0279,0.5227,0.27530000000000004
0.57,0.4735,0.0276,0.5265,0.27704999999999996
0.58,0.4698,0.0272,0.5302,0.2787
0.59,0.4674,0.0267,0.5326,0.27964999999999995
0.6,0.4647,0.0263,0.5353,0.2808
0.61,0.463,0.0259,0.537,0.28145000000000003
0.62,0.4604,0.0247,0.5396,0.28215
0.63,0.4586,0.0241,0.5414,0.28275
0.64,0.4564,0.0233,0.5436,0.28345
0.65,0.4533,0.0226,0.5467,0.28464999999999996
0.66,0.4476,0.0217,0.5524,0.28705
0.67,0.4381,0.0217,0.5619,0.2918
0.68,0.4316,0.0212,0.5684,0.2948
0.69,0.4274,0.0209,0.5726,0.29675
0.7,0.4237,0.0207,0.5763,0.29850000000000004
0.71,0.4181,0.02,0.5819,0.30095
0.72,0.4121,0.0188,0.5879,0.30335
0.73,0.4039,0.0152,0.5961,0.30565
0.74,0.398,0.0109,0.602,0.30645
0.75,0.3914,0.0075,0.6086,0.30805
0.76,0.3858,0.0046,0.6142,0.3094
0.77,0.383,0.0032,0.617,0.3101
0.78,0.3815,0.0022,0.6185,0.31035
0.79,0.3797,0.0019,0.6203,0.3111
0.8,0.3758,0.0019,0.6242,0.31305
0.81,0.3726,0.0014,0.6274,0.31439999999999996
0.82,0.3698,0.0014,0.6302,0.31579999999999997
0.83,0.3673,0.0014,0.6327,0.31705
0.84,0.3631,0.0013,0.6369,0.3191
0.85,0.3572,0.0012,0.6428,0.322
0.86,0.3538,0.001,0.6462,0.3236
0.87,0.3469,0.0009,0.6531,0.327
0.88,0.3416,0.0008,0.6584,0.3296
0.89,0.3365,0.0008,0.6635,0.33215
0.9,0.3315,0.0008,0.6685,0.33465
0.91,0.3268,0.0008,0.6732,0.337
0.92,0.3224,0.0008,0.6776,0.3392
0.93,0.3165,0.0008,0.6835,0.34215
0.94,0.3097,0.0007,0.6903,0.34550000000000003
0.95,0.3021,0.0006,0.6979,0.34925
0.96,0.2901,0.0006,0.7099,0.35525
0.97,0.2697,0.0006,0.7303,0.36545
0.98,0.2511,0.0006,0.7489,0.37475
0.99,0.2245,0.0006,0.7755,0.38805
