,Benign,Botnet,Bruteforce,DDoS,DoS,Heartbleed,Infiltration,Portscan,WebAttacks,anomalous_network_behavior,high_bandwidth_flow,high_rate_connection_attempts,high_rate_network_activity,high_volume_flow,repetitive_connection_behavior
Benign,0,0,0,0,0,0,0,0,0,2166,4,2,817,5,6
Botnet,0,0,0,0,0,0,0,0,0,244,3,0,53,0,0
Bruteforce,0,0,0,0,0,0,0,0,0,702,0,13,185,0,0
DDoS,0,0,0,0,0,0,0,0,0,300,0,0,0,0,0
DoS,0,0,0,0,0,0,0,0,0,1171,7,1,16,0,5
Heartbleed,0,0,0,0,0,0,0,0,0,0,0,0,0,11,0
Infiltration,0,0,0,0,0,0,0,0,0,24,0,0,1,11,0
Portscan,0,0,0,0,0,0,0,0,0,229,3,0,68,0,0
WebAttacks,0,0,0,0,0,0,0,0,0,588,0,0,33,0,0
anomalous_network_behavior,0,0,0,0,0,0,0,0,0,0,0,0,0,0,0
high_bandwidth_flow,0,0,0,0,0,0,0,0,0,0,0,0,0,0,0
high_rate_connection_attempts,0,0,0,0,0,0,0,0,0,0,0,0,0,0,0
high_rate_network_activity,0,0,0,0,0,0,0,0,0,0,0,0,0,0,0
high_volume_flow,0,0,0,0,0,0,0,0,0,0,0,0,0,0,0
repetitive_connection_behavior,0,0,0,0,0,0,0,0,0,0,0,0,0,0,0
