threshold,known_acceptance_rate,benign_false_match_rate,benign_specificity,novel_rejection_rate,precision,recall,f1,balanced_accuracy,security_score,tp,fp,tn,fn
0.7,0.9972222222222222,0.233,0.767,0.7222222222222222,0.880765456329735,0.9972222222222222,0.935383011985409,0.8813331188331188,0.8456555555555556,1795.0,243.0,793.0,5.0
0.72,0.9961111111111111,0.21,0.79,0.75,0.8911530815109344,0.9961111111111111,0.940713536201469,0.8923605748605749,0.8604444444444445,1793.0,219.0,817.0,7.0
0.74,0.9961111111111111,0.189,0.8109999999999999,0.7777777777777778,0.9010050251256282,0.9961111111111111,0.946174142480211,0.9029783354783354,0.8750777777777778,1793.0,197.0,839.0,7.0
0.75,0.9955555555555555,0.18,0.8200000000000001,0.8055555555555556,0.9055078322385043,0.9955555555555555,0.9483990473670283,0.9075268125268126,0.885888888888889,1792.0,187.0,849.0,8.0
0.76,0.9955555555555555,0.169,0.831,0.8055555555555556,0.9105691056910569,0.9955555555555555,0.9511677282377919,0.9128356928356929,0.8891888888888889,1792.0,176.0,860.0,8.0
0.78,0.9944444444444445,0.157,0.843,0.8611111111111112,0.9170081967213115,0.9944444444444445,0.9541577825159915,0.919036894036894,0.909011111111111,1790.0,162.0,874.0,10.0
0.8,0.9938888888888889,0.127,0.873,0.8888888888888888,0.9317708333333333,0.9938888888888889,0.9618279569892474,0.9337205062205063,0.9261222222222223,1789.0,131.0,905.0,11.0
0.82,0.9938888888888889,0.099,0.901,0.8888888888888888,0.9455602536997886,0.9938888888888889,0.9691224268689058,0.9472340197340198,0.9345222222222223,1789.0,103.0,933.0,11.0
0.84,0.9933333333333333,0.09,0.91,0.8888888888888888,0.9500531349628055,0.9933333333333333,0.971211298207496,0.9512998712998713,0.937,1788.0,94.0,942.0,12.0
0.85,0.9933333333333333,0.085,0.915,0.8888888888888888,0.9525839104954715,0.9933333333333333,0.9725319553984226,0.9537129987129986,0.9384999999999999,1788.0,89.0,947.0,12.0
0.86,0.9933333333333333,0.071,0.929,0.8888888888888888,0.9597423510466989,0.9933333333333333,0.9762489762489762,0.9604697554697554,0.9426999999999999,1788.0,75.0,961.0,12.0
0.88,0.9933333333333333,0.065,0.935,0.9722222222222222,0.9644012944983819,0.9933333333333333,0.9786535303776683,0.9648133848133849,0.9694999999999999,1788.0,66.0,970.0,12.0
0.9,0.9922222222222222,0.052,0.948,0.9722222222222222,0.9711799891245242,0.9922222222222222,0.9815883484473756,0.9705319605319606,0.9729555555555555,1786.0,53.0,983.0,14.0
0.91,0.9905555555555555,0.049,0.951,1.0,0.9732532751091703,0.9905555555555555,0.9818281938325991,0.9716291291291291,0.9815222222222222,1783.0,49.0,987.0,17.0
0.92,0.9894444444444445,0.046,0.954,1.0,0.9748221127531472,0.9894444444444445,0.982078853046595,0.9725214500214501,0.9819777777777778,1781.0,46.0,990.0,19.0
0.93,0.9855555555555555,0.043,0.957,1.0,0.9763346175013758,0.9855555555555555,0.9809234171965717,0.972024882024882,0.9813222222222222,1774.0,43.0,993.0,26.0
0.94,0.9844444444444445,0.041,0.959,1.0,0.9773855488141202,0.9844444444444445,0.980902297259895,0.9724345774345775,0.9814777777777777,1772.0,41.0,995.0,28.0
0.95,0.9816666666666667,0.04,0.96,1.0,0.977863862755949,0.9816666666666667,0.9797615747158304,0.971528314028314,0.9806666666666668,1767.0,40.0,996.0,33.0
0.96,0.9788888888888889,0.039,0.961,1.0,0.9783453636868407,0.9788888888888889,0.9786170508192169,0.9706220506220506,0.9798555555555557,1762.0,39.0,997.0,38.0
0.97,0.9727777777777777,0.038,0.962,1.0,0.9787590832867524,0.9727777777777777,0.9757592644190581,0.9680491205491205,0.9777111111111112,1751.0,38.0,998.0,49.0
0.98,0.965,0.036,0.964,1.0,0.9796954314720813,0.965,0.9722921914357683,0.9651254826254826,0.9752000000000001,1737.0,36.0,1000.0,63.0
0.99,0.9427777777777778,0.034,0.966,1.0,0.9803581744656268,0.9427777777777778,0.9612007929764939,0.9549796224796225,0.9669111111111113,1697.0,34.0,1002.0,103.0
